D01-NF-R1	1000	76491
D01-NF-R1	1100	84014
D01-NF-R1	1200	90403
D01-NF-R1	1300	94915
D01-NF-R1	1400	97390
D01-NF-R1	1500	97927
D01-NF-R1	1600	96402
D01-NF-R1	1700	93138
D01-NF-R1	1800	89346
D01-NF-R1	1900	84649
D01-NF-R1	2000	79970
D01-NF-R1	2100	74782
D01-NF-R1	2200	69270
D01-NF-R1	2300	64970
D01-NF-R1	2400	61004
D01-NF-R1	2500	56446
D01-NF-R1	2600	53137
D01-NF-R1	2700	49958
D01-NF-R1	2800	47056
D01-NF-R1	2900	44533
D01-NF-R1	3000	42499
D01-NF-R1	3100	41429
D01-NF-R1	3200	40304
D01-NF-R1	3300	40394
D01-NF-R1	3400	40684
D01-NF-R1	3500	41436
D01-NF-R1	3600	43150
D01-NF-R1	3700	44873
D01-NF-R1	3800	47643
D01-NF-R1	3900	49028
D01-NF-R1	4000	51362
D01-NF-R1	4100	55857
D01-NF-R1	4200	55205
D01-NF-R1	4300	55976
D01-NF-R1	4400	56905
D01-NF-R1	4500	57536
D01-NF-R1	4600	58172
D01-NF-R1	4700	59813
D01-NF-R1	4800	58099
D01-NF-R1	4900	57945
D01-NF-R1	5000	57948
D01-NF-R1	5100	58076
D01-NF-R1	5200	59065
D01-NF-R1	5300	57857
D01-NF-R1	5400	56141
D01-NF-R1	5500	53557
D01-NF-R1	5600	52554
D01-NF-R1	5700	51463
D01-NF-R1	5800	49415
D01-NF-R1	5900	48772
D01-NF-R1	6000	47081
D01-NF-R1	6100	44539
D01-NF-R1	6200	43128
D01-NF-R1	6300	41857
D01-NF-R1	6400	41919
D01-NF-R1	6500	38586
D01-NF-R1	6600	36759
D01-NF-R1	6700	35201
D01-NF-R1	6800	35019
D01-NF-R1	6900	33016
D01-NF-R1	7000	31015
D01-NF-R1	7100	29462
D01-NF-R1	7200	27912
D01-NF-R1	7300	26841
D01-NF-R1	7400	25515
D01-NF-R1	7500	24308
D01-NF-R1	7600	23058
D01-NF-R1	7700	21789
D01-NF-R1	7800	21628
D01-NF-R1	7900	19935
D01-NF-R1	8000	18772
D01-NF-R1	8100	17776
D01-NF-R1	8200	16659
D01-NF-R1	8300	15968
D01-NF-R1	8400	15069
D01-NF-R1	8500	14371
D01-NF-R1	8600	13465
D01-NF-R1	8700	12641
D01-NF-R1	8800	11766
D01-NF-R1	8900	11846
D01-NF-R1	9000	10658
D01-NF-R1	9100	9741
D01-NF-R1	9200	9092
D01-NF-R1	9300	8742
D01-NF-R1	9400	8239
D01-NF-R1	9500	7561
D01-NF-R1	9600	7211
D01-NF-R1	9700	6784
D01-NF-R1	9800	6286
D01-NF-R1	9900	5719
D01-NF-R1	10000	5296
D01-NF-R1	10100	5031
D01-NF-R1	10200	4827
D01-NF-R1	10300	4383
D01-NF-R1	10400	3983
D01-NF-R1	10500	3727
D01-NF-R1	10600	3485
D01-NF-R1	10700	3325
D01-NF-R1	10800	3036
D01-NF-R1	10900	2791
D01-NF-R1	11000	2581
D01-NF-R1	11100	2448
D01-NF-R1	11200	2148
D01-NF-R1	11300	2105
D01-NF-R1	11400	1858
D01-NF-R1	11500	1644
D01-NF-R1	11600	1522
D01-NF-R1	11700	1438
D01-NF-R1	11800	1366
D01-NF-R1	11900	1183
D01-NF-R1	12000	1185
D01-NF-R1	12100	1035
D01-NF-R1	12200	1004
D01-NF-R1	12300	905
D01-NF-R1	12400	781
D01-NF-R1	12500	697
D01-NF-R1	12600	593
D01-NF-R1	12700	617
D01-NF-R1	12800	541
D01-NF-R1	12900	531
D01-NF-R1	13000	455
D01-NF-R1	13100	411
D01-NF-R1	13200	387
D01-NF-R1	13300	322
D01-NF-R1	13400	337
D01-NF-R1	13500	342
D01-NF-R1	13600	260
D01-NF-R1	13700	217
D01-NF-R1	13800	221
D01-NF-R1	13900	177
D01-NF-R1	14000	190
D01-NF-R1	14100	155
D01-NF-R1	14200	138
D01-NF-R1	14300	136
D01-NF-R1	14400	115
D01-NF-R1	14500	95
D01-NF-R1	14600	96
D01-NF-R1	14700	92
D01-NF-R1	14800	70
D01-NF-R1	14900	67
D01-NF-R1	15000	61
D01-NF-R1	15100	61
D01-NF-R1	15200	46
D01-NF-R1	15300	48
D01-NF-R1	15400	41
D01-NF-R1	15500	25
D01-NF-R1	15600	31
D01-NF-R1	15700	37
D01-NF-R1	15800	43
D01-NF-R1	15900	28
D01-NF-R1	16000	38
D01-NF-R1	16100	18
D01-NF-R1	16200	27
D01-NF-R1	16300	10
D01-NF-R1	16400	20
D01-NF-R1	16500	17
D01-NF-R1	16600	11
D01-NF-R1	16700	11
D01-NF-R1	16800	11
D01-NF-R1	16900	6
D01-NF-R1	17000	3
D01-NF-R1	17100	7
D01-NF-R1	17200	6
D01-NF-R1	17300	5
D01-NF-R1	17400	6
D01-NF-R1	17500	7
D01-NF-R1	17600	5
D01-NF-R1	17700	6
D01-NF-R1	17800	5
D01-NF-R1	17900	3
D01-NF-R1	18000	4
D01-NF-R1	18100	4
D01-NF-R1	18200	6
D01-NF-R1	18300	3
D01-NF-R1	18400	4
D01-NF-R1	18600	1
D01-NF-R1	18700	1
D01-NF-R1	18800	1
D01-NF-R1	18900	3
D01-NF-R1	19000	1
D01-NF-R1	19100	3
D01-NF-R1	19200	2
D01-NF-R1	19400	1
D01-NF-R1	19500	2
D01-NF-R1	19600	1
D01-NF-R1	19700	1
D01-NF-R1	19900	2
D01-NF-R1	20000	2
D01-NF-R1	20200	1
D01-NF-R1	20300	2
D01-NF-R1	21200	1
D01-NF-R1	21700	1
D01-NF-R1	21800	1
D01-NF-R1	21900	1
D01-NF-R1	22000	1
D01-NF-R1	23000	1
D01-NF-R1	24100	1
D02-NF-R2	1000	80421
D02-NF-R2	1100	89328
D02-NF-R2	1200	96487
D02-NF-R2	1300	101685
D02-NF-R2	1400	103821
D02-NF-R2	1500	104119
D02-NF-R2	1600	102656
D02-NF-R2	1700	100033
D02-NF-R2	1800	95748
D02-NF-R2	1900	90582
D02-NF-R2	2000	85889
D02-NF-R2	2100	80118
D02-NF-R2	2200	75331
D02-NF-R2	2300	70003
D02-NF-R2	2400	65669
D02-NF-R2	2500	61228
D02-NF-R2	2600	57175
D02-NF-R2	2700	53611
D02-NF-R2	2800	50224
D02-NF-R2	2900	47975
D02-NF-R2	3000	45751
D02-NF-R2	3100	44180
D02-NF-R2	3200	42146
D02-NF-R2	3300	41186
D02-NF-R2	3400	40724
D02-NF-R2	3500	41424
D02-NF-R2	3600	42101
D02-NF-R2	3700	43034
D02-NF-R2	3800	45080
D02-NF-R2	3900	47147
D02-NF-R2	4000	49543
D02-NF-R2	4100	54520
D02-NF-R2	4200	51894
D02-NF-R2	4300	52702
D02-NF-R2	4400	53517
D02-NF-R2	4500	55587
D02-NF-R2	4600	57456
D02-NF-R2	4700	60738
D02-NF-R2	4800	57435
D02-NF-R2	4900	63485
D02-NF-R2	5000	58948
D02-NF-R2	5100	57415
D02-NF-R2	5200	57077
D02-NF-R2	5300	57440
D02-NF-R2	5400	57273
D02-NF-R2	5500	55407
D02-NF-R2	5600	64036
D02-NF-R2	5700	54345
D02-NF-R2	5800	55911
D02-NF-R2	5900	51335
D02-NF-R2	6000	49218
D02-NF-R2	6100	47505
D02-NF-R2	6200	46353
D02-NF-R2	6300	46107
D02-NF-R2	6400	43923
D02-NF-R2	6500	42523
D02-NF-R2	6600	41110
D02-NF-R2	6700	40261
D02-NF-R2	6800	38992
D02-NF-R2	6900	37608
D02-NF-R2	7000	36411
D02-NF-R2	7100	34455
D02-NF-R2	7200	39540
D02-NF-R2	7300	32325
D02-NF-R2	7400	32557
D02-NF-R2	7500	30238
D02-NF-R2	7600	28399
D02-NF-R2	7700	27563
D02-NF-R2	7800	26175
D02-NF-R2	7900	24801
D02-NF-R2	8000	23832
D02-NF-R2	8100	23082
D02-NF-R2	8200	21657
D02-NF-R2	8300	20939
D02-NF-R2	8400	19989
D02-NF-R2	8500	19068
D02-NF-R2	8600	18139
D02-NF-R2	8700	17445
D02-NF-R2	8800	16424
D02-NF-R2	8900	15642
D02-NF-R2	9000	14985
D02-NF-R2	9100	14945
D02-NF-R2	9200	13465
D02-NF-R2	9300	12578
D02-NF-R2	9400	12102
D02-NF-R2	9500	11439
D02-NF-R2	9600	10891
D02-NF-R2	9700	10092
D02-NF-R2	9800	9615
D02-NF-R2	9900	9003
D02-NF-R2	10000	8628
D02-NF-R2	10100	8308
D02-NF-R2	10200	7783
D02-NF-R2	10300	7199
D02-NF-R2	10400	6816
D02-NF-R2	10500	6428
D02-NF-R2	10600	5958
D02-NF-R2	10700	5647
D02-NF-R2	10800	5218
D02-NF-R2	10900	4763
D02-NF-R2	11000	4735
D02-NF-R2	11100	4339
D02-NF-R2	11200	4079
D02-NF-R2	11300	3820
D02-NF-R2	11400	3652
D02-NF-R2	11500	3311
D02-NF-R2	11600	3018
D02-NF-R2	11700	2938
D02-NF-R2	11800	2731
D02-NF-R2	11900	2570
D02-NF-R2	12000	2376
D02-NF-R2	12100	2198
D02-NF-R2	12200	2034
D02-NF-R2	12300	1866
D02-NF-R2	12400	1735
D02-NF-R2	12500	1579
D02-NF-R2	12600	1424
D02-NF-R2	12700	1390
D02-NF-R2	12800	1229
D02-NF-R2	12900	1190
D02-NF-R2	13000	1072
D02-NF-R2	13100	1057
D02-NF-R2	13200	952
D02-NF-R2	13300	944
D02-NF-R2	13400	778
D02-NF-R2	13500	756
D02-NF-R2	13600	736
D02-NF-R2	13700	593
D02-NF-R2	13800	555
D02-NF-R2	13900	553
D02-NF-R2	14000	470
D02-NF-R2	14100	442
D02-NF-R2	14200	391
D02-NF-R2	14300	411
D02-NF-R2	14400	325
D02-NF-R2	14500	317
D02-NF-R2	14600	274
D02-NF-R2	14700	252
D02-NF-R2	14800	224
D02-NF-R2	14900	250
D02-NF-R2	15000	200
D02-NF-R2	15100	187
D02-NF-R2	15200	173
D02-NF-R2	15300	148
D02-NF-R2	15400	140
D02-NF-R2	15500	140
D02-NF-R2	15600	113
D02-NF-R2	15700	100
D02-NF-R2	15800	106
D02-NF-R2	15900	80
D02-NF-R2	16000	88
D02-NF-R2	16100	78
D02-NF-R2	16200	58
D02-NF-R2	16300	65
D02-NF-R2	16400	53
D02-NF-R2	16500	55
D02-NF-R2	16600	62
D02-NF-R2	16700	44
D02-NF-R2	16800	42
D02-NF-R2	16900	37
D02-NF-R2	17000	39
D02-NF-R2	17100	38
D02-NF-R2	17200	23
D02-NF-R2	17300	19
D02-NF-R2	17400	26
D02-NF-R2	17500	22
D02-NF-R2	17600	27
D02-NF-R2	17700	13
D02-NF-R2	17800	20
D02-NF-R2	17900	15
D02-NF-R2	18000	22
D02-NF-R2	18100	19
D02-NF-R2	18200	14
D02-NF-R2	18300	15
D02-NF-R2	18400	15
D02-NF-R2	18500	9
D02-NF-R2	18600	2
D02-NF-R2	18700	8
D02-NF-R2	18800	8
D02-NF-R2	18900	6
D02-NF-R2	19000	10
D02-NF-R2	19100	8
D02-NF-R2	19200	4
D02-NF-R2	19300	5
D02-NF-R2	19400	4
D02-NF-R2	19500	8
D02-NF-R2	19600	4
D02-NF-R2	19700	2
D02-NF-R2	19800	5
D02-NF-R2	19900	1
D02-NF-R2	20000	2
D02-NF-R2	20100	2
D02-NF-R2	20200	2
D02-NF-R2	20300	2
D02-NF-R2	20400	1
D02-NF-R2	20500	2
D02-NF-R2	20600	1
D02-NF-R2	20700	3
D02-NF-R2	20800	4
D02-NF-R2	20900	1
D02-NF-R2	21000	1
D02-NF-R2	21100	1
D02-NF-R2	21200	1
D02-NF-R2	21300	1
D02-NF-R2	21500	1
D02-NF-R2	21800	1
D02-NF-R2	22300	1
D02-NF-R2	22400	1
D02-NF-R2	22700	1
D02-NF-R2	23000	1
D02-NF-R2	23100	1
D02-NF-R2	23200	2
D02-NF-R2	23600	1
D02-NF-R2	24400	1
D03-NF-R1	1000	66380
D03-NF-R1	1100	72476
D03-NF-R1	1200	77760
D03-NF-R1	1300	80564
D03-NF-R1	1400	81921
D03-NF-R1	1500	82320
D03-NF-R1	1600	81573
D03-NF-R1	1700	79480
D03-NF-R1	1800	75942
D03-NF-R1	1900	72632
D03-NF-R1	2000	68284
D03-NF-R1	2100	64662
D03-NF-R1	2200	60557
D03-NF-R1	2300	56697
D03-NF-R1	2400	52889
D03-NF-R1	2500	49514
D03-NF-R1	2600	46268
D03-NF-R1	2700	43776
D03-NF-R1	2800	41159
D03-NF-R1	2900	39519
D03-NF-R1	3000	37633
D03-NF-R1	3100	36208
D03-NF-R1	3200	34753
D03-NF-R1	3300	34349
D03-NF-R1	3400	34071
D03-NF-R1	3500	34049
D03-NF-R1	3600	35261
D03-NF-R1	3700	36466
D03-NF-R1	3800	37741
D03-NF-R1	3900	39621
D03-NF-R1	4000	40944
D03-NF-R1	4100	42576
D03-NF-R1	4200	44030
D03-NF-R1	4300	45070
D03-NF-R1	4400	45743
D03-NF-R1	4500	47552
D03-NF-R1	4600	47855
D03-NF-R1	4700	48569
D03-NF-R1	4800	48821
D03-NF-R1	4900	49108
D03-NF-R1	5000	52083
D03-NF-R1	5100	47681
D03-NF-R1	5200	47336
D03-NF-R1	5300	49375
D03-NF-R1	5400	46333
D03-NF-R1	5500	43740
D03-NF-R1	5600	43502
D03-NF-R1	5700	43185
D03-NF-R1	5800	41787
D03-NF-R1	5900	39895
D03-NF-R1	6000	40662
D03-NF-R1	6100	37621
D03-NF-R1	6200	36311
D03-NF-R1	6300	35369
D03-NF-R1	6400	33904
D03-NF-R1	6500	32962
D03-NF-R1	6600	32346
D03-NF-R1	6700	30565
D03-NF-R1	6800	29409
D03-NF-R1	6900	28213
D03-NF-R1	7000	27131
D03-NF-R1	7100	26058
D03-NF-R1	7200	25000
D03-NF-R1	7300	24284
D03-NF-R1	7400	23025
D03-NF-R1	7500	21710
D03-NF-R1	7600	20944
D03-NF-R1	7700	20048
D03-NF-R1	7800	18952
D03-NF-R1	7900	18247
D03-NF-R1	8000	17342
D03-NF-R1	8100	16632
D03-NF-R1	8200	15784
D03-NF-R1	8300	14886
D03-NF-R1	8400	14287
D03-NF-R1	8500	13498
D03-NF-R1	8600	13932
D03-NF-R1	8700	12434
D03-NF-R1	8800	11547
D03-NF-R1	8900	11142
D03-NF-R1	9000	10349
D03-NF-R1	9100	10053
D03-NF-R1	9200	9235
D03-NF-R1	9300	8914
D03-NF-R1	9400	8243
D03-NF-R1	9500	7777
D03-NF-R1	9600	7414
D03-NF-R1	9700	6997
D03-NF-R1	9800	6812
D03-NF-R1	9900	6371
D03-NF-R1	10000	5773
D03-NF-R1	10100	5459
D03-NF-R1	10200	5084
D03-NF-R1	10300	4771
D03-NF-R1	10400	4462
D03-NF-R1	10500	4231
D03-NF-R1	10600	4068
D03-NF-R1	10700	3698
D03-NF-R1	10800	3581
D03-NF-R1	10900	3316
D03-NF-R1	11000	3998
D03-NF-R1	11100	3061
D03-NF-R1	11200	2798
D03-NF-R1	11300	2501
D03-NF-R1	11400	2276
D03-NF-R1	11500	2212
D03-NF-R1	11600	2043
D03-NF-R1	11700	1843
D03-NF-R1	11800	1770
D03-NF-R1	11900	1604
D03-NF-R1	12000	1469
D03-NF-R1	12100	1402
D03-NF-R1	12200	1307
D03-NF-R1	12300	1226
D03-NF-R1	12400	1116
D03-NF-R1	12500	1015
D03-NF-R1	12600	949
D03-NF-R1	12700	843
D03-NF-R1	12800	850
D03-NF-R1	12900	809
D03-NF-R1	13000	694
D03-NF-R1	13100	606
D03-NF-R1	13200	656
D03-NF-R1	13300	529
D03-NF-R1	13400	471
D03-NF-R1	13500	445
D03-NF-R1	13600	443
D03-NF-R1	13700	374
D03-NF-R1	13800	374
D03-NF-R1	13900	321
D03-NF-R1	14000	285
D03-NF-R1	14100	284
D03-NF-R1	14200	260
D03-NF-R1	14300	238
D03-NF-R1	14400	195
D03-NF-R1	14500	177
D03-NF-R1	14600	174
D03-NF-R1	14700	162
D03-NF-R1	14800	149
D03-NF-R1	14900	113
D03-NF-R1	15000	113
D03-NF-R1	15100	111
D03-NF-R1	15200	91
D03-NF-R1	15300	92
D03-NF-R1	15400	81
D03-NF-R1	15500	64
D03-NF-R1	15600	73
D03-NF-R1	15700	56
D03-NF-R1	15800	54
D03-NF-R1	15900	62
D03-NF-R1	16000	56
D03-NF-R1	16100	52
D03-NF-R1	16200	27
D03-NF-R1	16300	42
D03-NF-R1	16400	25
D03-NF-R1	16500	33
D03-NF-R1	16600	23
D03-NF-R1	16700	18
D03-NF-R1	16800	23
D03-NF-R1	16900	21
D03-NF-R1	17000	20
D03-NF-R1	17100	9
D03-NF-R1	17200	24
D03-NF-R1	17300	18
D03-NF-R1	17400	15
D03-NF-R1	17500	12
D03-NF-R1	17600	12
D03-NF-R1	17700	9
D03-NF-R1	17800	9
D03-NF-R1	17900	9
D03-NF-R1	18000	4
D03-NF-R1	18100	4
D03-NF-R1	18200	18
D03-NF-R1	18300	4
D03-NF-R1	18400	7
D03-NF-R1	18500	7
D03-NF-R1	18600	5
D03-NF-R1	18700	2
D03-NF-R1	18800	4
D03-NF-R1	19000	3
D03-NF-R1	19100	4
D03-NF-R1	19200	2
D03-NF-R1	19300	4
D03-NF-R1	19400	3
D03-NF-R1	19600	2
D03-NF-R1	19700	2
D03-NF-R1	19800	1
D03-NF-R1	19900	2
D03-NF-R1	20100	3
D03-NF-R1	20200	3
D03-NF-R1	20400	1
D03-NF-R1	20500	2
D03-NF-R1	20600	3
D03-NF-R1	20700	1
D03-NF-R1	20900	2
D03-NF-R1	21200	1
D03-NF-R1	21300	2
D03-NF-R1	21500	1
D03-NF-R1	21600	1
D03-NF-R1	21700	1
D03-NF-R1	22600	1
D03-NF-R1	24200	1
D04-NF-R1	1000	93782
D04-NF-R1	1100	101663
D04-NF-R1	1200	106717
D04-NF-R1	1300	109717
D04-NF-R1	1400	110412
D04-NF-R1	1500	108514
D04-NF-R1	1600	103918
D04-NF-R1	1700	100475
D04-NF-R1	1800	95296
D04-NF-R1	1900	89737
D04-NF-R1	2000	83746
D04-NF-R1	2100	77650
D04-NF-R1	2200	72081
D04-NF-R1	2300	67797
D04-NF-R1	2400	63233
D04-NF-R1	2500	58373
D04-NF-R1	2600	55559
D04-NF-R1	2700	51608
D04-NF-R1	2800	48898
D04-NF-R1	2900	46715
D04-NF-R1	3000	44090
D04-NF-R1	3100	42299
D04-NF-R1	3200	41820
D04-NF-R1	3300	40850
D04-NF-R1	3400	40895
D04-NF-R1	3500	41713
D04-NF-R1	3600	42542
D04-NF-R1	3700	44124
D04-NF-R1	3800	46529
D04-NF-R1	3900	48491
D04-NF-R1	4000	50373
D04-NF-R1	4100	52369
D04-NF-R1	4200	53914
D04-NF-R1	4300	55083
D04-NF-R1	4400	57365
D04-NF-R1	4500	58134
D04-NF-R1	4600	59650
D04-NF-R1	4700	60266
D04-NF-R1	4800	59363
D04-NF-R1	4900	59049
D04-NF-R1	5000	59674
D04-NF-R1	5100	58154
D04-NF-R1	5200	58411
D04-NF-R1	5300	57478
D04-NF-R1	5400	56314
D04-NF-R1	5500	55839
D04-NF-R1	5600	54062
D04-NF-R1	5700	52257
D04-NF-R1	5800	51596
D04-NF-R1	5900	51014
D04-NF-R1	6000	48410
D04-NF-R1	6100	47324
D04-NF-R1	6200	45295
D04-NF-R1	6300	45340
D04-NF-R1	6400	43006
D04-NF-R1	6500	40669
D04-NF-R1	6600	39194
D04-NF-R1	6700	37472
D04-NF-R1	6800	35922
D04-NF-R1	6900	34875
D04-NF-R1	7000	33491
D04-NF-R1	7100	31932
D04-NF-R1	7200	30463
D04-NF-R1	7300	29171
D04-NF-R1	7400	28406
D04-NF-R1	7500	26894
D04-NF-R1	7600	25905
D04-NF-R1	7700	24255
D04-NF-R1	7800	23232
D04-NF-R1	7900	22289
D04-NF-R1	8000	22017
D04-NF-R1	8100	20261
D04-NF-R1	8200	19324
D04-NF-R1	8300	18237
D04-NF-R1	8400	17240
D04-NF-R1	8500	16445
D04-NF-R1	8600	15599
D04-NF-R1	8700	15181
D04-NF-R1	8800	14119
D04-NF-R1	8900	13247
D04-NF-R1	9000	12514
D04-NF-R1	9100	11766
D04-NF-R1	9200	11413
D04-NF-R1	9300	10454
D04-NF-R1	9400	10174
D04-NF-R1	9500	9319
D04-NF-R1	9600	9019
D04-NF-R1	9700	8333
D04-NF-R1	9800	8140
D04-NF-R1	9900	7557
D04-NF-R1	10000	6950
D04-NF-R1	10100	6435
D04-NF-R1	10200	6194
D04-NF-R1	10300	5827
D04-NF-R1	10400	5416
D04-NF-R1	10500	5044
D04-NF-R1	10600	4939
D04-NF-R1	10700	4556
D04-NF-R1	10800	4133
D04-NF-R1	10900	3829
D04-NF-R1	11000	3768
D04-NF-R1	11100	3401
D04-NF-R1	11200	3132
D04-NF-R1	11300	2855
D04-NF-R1	11400	2830
D04-NF-R1	11500	2497
D04-NF-R1	11600	2447
D04-NF-R1	11700	2250
D04-NF-R1	11800	2081
D04-NF-R1	11900	1951
D04-NF-R1	12000	1789
D04-NF-R1	12100	1652
D04-NF-R1	12200	1574
D04-NF-R1	12300	1446
D04-NF-R1	12400	1263
D04-NF-R1	12500	1258
D04-NF-R1	12600	1193
D04-NF-R1	12700	1033
D04-NF-R1	12800	1004
D04-NF-R1	12900	909
D04-NF-R1	13000	831
D04-NF-R1	13100	772
D04-NF-R1	13200	676
D04-NF-R1	13300	638
D04-NF-R1	13400	569
D04-NF-R1	13500	592
D04-NF-R1	13600	459
D04-NF-R1	13700	457
D04-NF-R1	13800	436
D04-NF-R1	13900	432
D04-NF-R1	14000	371
D04-NF-R1	14100	330
D04-NF-R1	14200	297
D04-NF-R1	14300	271
D04-NF-R1	14400	254
D04-NF-R1	14500	215
D04-NF-R1	14600	230
D04-NF-R1	14700	196
D04-NF-R1	14800	183
D04-NF-R1	14900	156
D04-NF-R1	15000	134
D04-NF-R1	15100	116
D04-NF-R1	15200	132
D04-NF-R1	15300	104
D04-NF-R1	15400	103
D04-NF-R1	15500	95
D04-NF-R1	15600	88
D04-NF-R1	15700	79
D04-NF-R1	15800	65
D04-NF-R1	15900	57
D04-NF-R1	16000	64
D04-NF-R1	16100	39
D04-NF-R1	16200	65
D04-NF-R1	16300	57
D04-NF-R1	16400	46
D04-NF-R1	16500	32
D04-NF-R1	16600	34
D04-NF-R1	16700	43
D04-NF-R1	16800	20
D04-NF-R1	16900	24
D04-NF-R1	17000	27
D04-NF-R1	17100	23
D04-NF-R1	17200	26
D04-NF-R1	17300	21
D04-NF-R1	17400	17
D04-NF-R1	17500	19
D04-NF-R1	17600	13
D04-NF-R1	17700	13
D04-NF-R1	17800	10
D04-NF-R1	17900	11
D04-NF-R1	18000	6
D04-NF-R1	18100	7
D04-NF-R1	18200	7
D04-NF-R1	18300	12
D04-NF-R1	18400	8
D04-NF-R1	18500	2
D04-NF-R1	18600	6
D04-NF-R1	18700	7
D04-NF-R1	18800	6
D04-NF-R1	18900	4
D04-NF-R1	19000	7
D04-NF-R1	19100	1
D04-NF-R1	19200	4
D04-NF-R1	19300	2
D04-NF-R1	19400	3
D04-NF-R1	19500	1
D04-NF-R1	19600	2
D04-NF-R1	19700	2
D04-NF-R1	19800	2
D04-NF-R1	19900	1
D04-NF-R1	20000	2
D04-NF-R1	20200	3
D04-NF-R1	20500	1
D04-NF-R1	20600	2
D04-NF-R1	20700	1
D04-NF-R1	20900	1
D04-NF-R1	21200	2
D04-NF-R1	21300	1
D04-NF-R1	21600	1
D04-NF-R1	22100	1
D04-NF-R1	22900	1
D05-NF-R1	1000	75661
D05-NF-R1	1100	86685
D05-NF-R1	1200	95054
D05-NF-R1	1300	102192
D05-NF-R1	1400	106010
D05-NF-R1	1500	107179
D05-NF-R1	1600	105124
D05-NF-R1	1700	102530
D05-NF-R1	1800	98167
D05-NF-R1	1900	92890
D05-NF-R1	2000	87626
D05-NF-R1	2100	81896
D05-NF-R1	2200	76244
D05-NF-R1	2300	70851
D05-NF-R1	2400	66240
D05-NF-R1	2500	61195
D05-NF-R1	2600	57853
D05-NF-R1	2700	53856
D05-NF-R1	2800	50732
D05-NF-R1	2900	48025
D05-NF-R1	3000	45600
D05-NF-R1	3100	43701
D05-NF-R1	3200	42037
D05-NF-R1	3300	41825
D05-NF-R1	3400	41469
D05-NF-R1	3500	41661
D05-NF-R1	3600	42847
D05-NF-R1	3700	44130
D05-NF-R1	3800	46494
D05-NF-R1	3900	49235
D05-NF-R1	4000	52987
D05-NF-R1	4100	62110
D05-NF-R1	4200	54151
D05-NF-R1	4300	56201
D05-NF-R1	4400	54728
D05-NF-R1	4500	55979
D05-NF-R1	4600	56532
D05-NF-R1	4700	57231
D05-NF-R1	4800	56261
D05-NF-R1	4900	56173
D05-NF-R1	5000	56533
D05-NF-R1	5100	55967
D05-NF-R1	5200	55776
D05-NF-R1	5300	55164
D05-NF-R1	5400	55332
D05-NF-R1	5500	55797
D05-NF-R1	5600	70298
D05-NF-R1	5700	50402
D05-NF-R1	5800	49638
D05-NF-R1	5900	48424
D05-NF-R1	6000	46331
D05-NF-R1	6100	45525
D05-NF-R1	6200	43674
D05-NF-R1	6300	43179
D05-NF-R1	6400	40902
D05-NF-R1	6500	39068
D05-NF-R1	6600	37795
D05-NF-R1	6700	36465
D05-NF-R1	6800	35006
D05-NF-R1	6900	33494
D05-NF-R1	7000	32946
D05-NF-R1	7100	31636
D05-NF-R1	7200	34518
D05-NF-R1	7300	28633
D05-NF-R1	7400	27345
D05-NF-R1	7500	26103
D05-NF-R1	7600	24837
D05-NF-R1	7700	23447
D05-NF-R1	7800	22635
D05-NF-R1	7900	21544
D05-NF-R1	8000	20588
D05-NF-R1	8100	19682
D05-NF-R1	8200	18942
D05-NF-R1	8300	17668
D05-NF-R1	8400	16998
D05-NF-R1	8500	16270
D05-NF-R1	8600	15168
D05-NF-R1	8700	14868
D05-NF-R1	8800	13614
D05-NF-R1	8900	15371
D05-NF-R1	9000	12394
D05-NF-R1	9100	11544
D05-NF-R1	9200	11063
D05-NF-R1	9300	10425
D05-NF-R1	9400	9588
D05-NF-R1	9500	9209
D05-NF-R1	9600	8555
D05-NF-R1	9700	8231
D05-NF-R1	9800	7653
D05-NF-R1	9900	7198
D05-NF-R1	10000	6666
D05-NF-R1	10100	6264
D05-NF-R1	10200	5918
D05-NF-R1	10300	5527
D05-NF-R1	10400	5269
D05-NF-R1	10500	4885
D05-NF-R1	10600	4482
D05-NF-R1	10700	4220
D05-NF-R1	10800	4033
D05-NF-R1	10900	3672
D05-NF-R1	11000	3446
D05-NF-R1	11100	3203
D05-NF-R1	11200	2950
D05-NF-R1	11300	2870
D05-NF-R1	11400	2600
D05-NF-R1	11500	2451
D05-NF-R1	11600	2260
D05-NF-R1	11700	2066
D05-NF-R1	11800	1913
D05-NF-R1	11900	1756
D05-NF-R1	12000	1539
D05-NF-R1	12100	1521
D05-NF-R1	12200	1438
D05-NF-R1	12300	1283
D05-NF-R1	12400	1189
D05-NF-R1	12500	1086
D05-NF-R1	12600	1025
D05-NF-R1	12700	868
D05-NF-R1	12800	838
D05-NF-R1	12900	747
D05-NF-R1	13000	716
D05-NF-R1	13100	684
D05-NF-R1	13200	590
D05-NF-R1	13300	553
D05-NF-R1	13400	509
D05-NF-R1	13500	487
D05-NF-R1	13600	406
D05-NF-R1	13700	344
D05-NF-R1	13800	381
D05-NF-R1	13900	351
D05-NF-R1	14000	300
D05-NF-R1	14100	268
D05-NF-R1	14200	242
D05-NF-R1	14300	216
D05-NF-R1	14400	192
D05-NF-R1	14500	198
D05-NF-R1	14600	179
D05-NF-R1	14700	151
D05-NF-R1	14800	123
D05-NF-R1	14900	114
D05-NF-R1	15000	119
D05-NF-R1	15100	123
D05-NF-R1	15200	97
D05-NF-R1	15300	87
D05-NF-R1	15400	72
D05-NF-R1	15500	77
D05-NF-R1	15600	72
D05-NF-R1	15700	76
D05-NF-R1	15800	62
D05-NF-R1	15900	50
D05-NF-R1	16000	52
D05-NF-R1	16100	51
D05-NF-R1	16200	39
D05-NF-R1	16300	40
D05-NF-R1	16400	22
D05-NF-R1	16500	31
D05-NF-R1	16600	27
D05-NF-R1	16700	26
D05-NF-R1	16800	21
D05-NF-R1	16900	19
D05-NF-R1	17000	20
D05-NF-R1	17100	18
D05-NF-R1	17200	16
D05-NF-R1	17300	19
D05-NF-R1	17400	12
D05-NF-R1	17500	13
D05-NF-R1	17600	17
D05-NF-R1	17700	14
D05-NF-R1	17800	14
D05-NF-R1	17900	13
D05-NF-R1	18000	7
D05-NF-R1	18100	7
D05-NF-R1	18200	8
D05-NF-R1	18300	9
D05-NF-R1	18400	5
D05-NF-R1	18500	5
D05-NF-R1	18600	2
D05-NF-R1	18700	3
D05-NF-R1	18800	3
D05-NF-R1	18900	4
D05-NF-R1	19000	2
D05-NF-R1	19100	6
D05-NF-R1	19200	2
D05-NF-R1	19300	3
D05-NF-R1	19400	5
D05-NF-R1	19500	2
D05-NF-R1	19600	5
D05-NF-R1	19700	3
D05-NF-R1	19900	1
D05-NF-R1	20000	2
D05-NF-R1	20300	1
D05-NF-R1	20400	2
D05-NF-R1	20500	2
D05-NF-R1	20600	1
D05-NF-R1	20900	1
D05-NF-R1	21200	1
D05-NF-R1	21400	3
D05-NF-R1	21500	1
D05-NF-R1	21800	1
D05-NF-R1	22000	2
D05-NF-R1	22300	1
D05-NF-R1	22600	1
D05-NF-R1	22800	1
D05-NF-R1	23500	1
D05-NF-R1	25400	1
D05-NF-R1	25700	1
D05-NF-R1	27200	1
D05-NF-R1	29500	1
D06-NF-R1	1000	89108
D06-NF-R1	1100	97725
D06-NF-R1	1200	104035
D06-NF-R1	1300	108865
D06-NF-R1	1400	110097
D06-NF-R1	1500	109606
D06-NF-R1	1600	106524
D06-NF-R1	1700	101682
D06-NF-R1	1800	97199
D06-NF-R1	1900	90706
D06-NF-R1	2000	84999
D06-NF-R1	2100	79589
D06-NF-R1	2200	74193
D06-NF-R1	2300	68711
D06-NF-R1	2400	64244
D06-NF-R1	2500	60103
D06-NF-R1	2600	56316
D06-NF-R1	2700	52901
D06-NF-R1	2800	49895
D06-NF-R1	2900	46838
D06-NF-R1	3000	44819
D06-NF-R1	3100	43662
D06-NF-R1	3200	42130
D06-NF-R1	3300	42021
D06-NF-R1	3400	42116
D06-NF-R1	3500	42834
D06-NF-R1	3600	44612
D06-NF-R1	3700	45207
D06-NF-R1	3800	46578
D06-NF-R1	3900	48445
D06-NF-R1	4000	50541
D06-NF-R1	4100	52353
D06-NF-R1	4200	55500
D06-NF-R1	4300	59969
D06-NF-R1	4400	55616
D06-NF-R1	4500	56668
D06-NF-R1	4600	57184
D06-NF-R1	4700	58163
D06-NF-R1	4800	59556
D06-NF-R1	4900	60432
D06-NF-R1	5000	58570
D06-NF-R1	5100	56774
D06-NF-R1	5200	56616
D06-NF-R1	5300	55824
D06-NF-R1	5400	65817
D06-NF-R1	5500	56132
D06-NF-R1	5600	58354
D06-NF-R1	5700	51102
D06-NF-R1	5800	49858
D06-NF-R1	5900	49040
D06-NF-R1	6000	47208
D06-NF-R1	6100	46180
D06-NF-R1	6200	44225
D06-NF-R1	6300	44209
D06-NF-R1	6400	42336
D06-NF-R1	6500	40083
D06-NF-R1	6600	38850
D06-NF-R1	6700	37708
D06-NF-R1	6800	36274
D06-NF-R1	6900	34662
D06-NF-R1	7000	33159
D06-NF-R1	7100	31703
D06-NF-R1	7200	30611
D06-NF-R1	7300	29582
D06-NF-R1	7400	28233
D06-NF-R1	7500	26980
D06-NF-R1	7600	25657
D06-NF-R1	7700	24701
D06-NF-R1	7800	23557
D06-NF-R1	7900	22588
D06-NF-R1	8000	21607
D06-NF-R1	8100	20615
D06-NF-R1	8200	19617
D06-NF-R1	8300	18545
D06-NF-R1	8400	17645
D06-NF-R1	8500	17113
D06-NF-R1	8600	16238
D06-NF-R1	8700	15533
D06-NF-R1	8800	14775
D06-NF-R1	8900	14515
D06-NF-R1	9000	13156
D06-NF-R1	9100	12334
D06-NF-R1	9200	11831
D06-NF-R1	9300	11063
D06-NF-R1	9400	10757
D06-NF-R1	9500	9814
D06-NF-R1	9600	9352
D06-NF-R1	9700	8836
D06-NF-R1	9800	8398
D06-NF-R1	9900	7840
D06-NF-R1	10000	7488
D06-NF-R1	10100	7135
D06-NF-R1	10200	6718
D06-NF-R1	10300	6395
D06-NF-R1	10400	5932
D06-NF-R1	10500	5433
D06-NF-R1	10600	5208
D06-NF-R1	10700	4801
D06-NF-R1	10800	4525
D06-NF-R1	10900	4337
D06-NF-R1	11000	4091
D06-NF-R1	11100	3816
D06-NF-R1	11200	3578
D06-NF-R1	11300	3312
D06-NF-R1	11400	3166
D06-NF-R1	11500	2818
D06-NF-R1	11600	2624
D06-NF-R1	11700	2417
D06-NF-R1	11800	2242
D06-NF-R1	11900	2053
D06-NF-R1	12000	2034
D06-NF-R1	12100	1832
D06-NF-R1	12200	1746
D06-NF-R1	12300	1536
D06-NF-R1	12400	1486
D06-NF-R1	12500	1414
D06-NF-R1	12600	1310
D06-NF-R1	12700	1187
D06-NF-R1	12800	1059
D06-NF-R1	12900	986
D06-NF-R1	13000	916
D06-NF-R1	13100	870
D06-NF-R1	13200	765
D06-NF-R1	13300	717
D06-NF-R1	13400	654
D06-NF-R1	13500	604
D06-NF-R1	13600	619
D06-NF-R1	13700	557
D06-NF-R1	13800	439
D06-NF-R1	13900	415
D06-NF-R1	14000	387
D06-NF-R1	14100	349
D06-NF-R1	14200	302
D06-NF-R1	14300	338
D06-NF-R1	14400	287
D06-NF-R1	14500	236
D06-NF-R1	14600	252
D06-NF-R1	14700	207
D06-NF-R1	14800	173
D06-NF-R1	14900	188
D06-NF-R1	15000	169
D06-NF-R1	15100	149
D06-NF-R1	15200	152
D06-NF-R1	15300	90
D06-NF-R1	15400	112
D06-NF-R1	15500	106
D06-NF-R1	15600	99
D06-NF-R1	15700	83
D06-NF-R1	15800	79
D06-NF-R1	15900	59
D06-NF-R1	16000	61
D06-NF-R1	16100	56
D06-NF-R1	16200	54
D06-NF-R1	16300	49
D06-NF-R1	16400	45
D06-NF-R1	16500	44
D06-NF-R1	16600	30
D06-NF-R1	16700	37
D06-NF-R1	16800	26
D06-NF-R1	16900	24
D06-NF-R1	17000	24
D06-NF-R1	17100	22
D06-NF-R1	17200	23
D06-NF-R1	17300	11
D06-NF-R1	17400	8
D06-NF-R1	17500	12
D06-NF-R1	17600	10
D06-NF-R1	17700	4
D06-NF-R1	17800	13
D06-NF-R1	17900	7
D06-NF-R1	18000	6
D06-NF-R1	18100	5
D06-NF-R1	18200	6
D06-NF-R1	18300	7
D06-NF-R1	18400	5
D06-NF-R1	18500	9
D06-NF-R1	18600	6
D06-NF-R1	18700	8
D06-NF-R1	18800	5
D06-NF-R1	18900	5
D06-NF-R1	19000	3
D06-NF-R1	19100	3
D06-NF-R1	19200	3
D06-NF-R1	19300	2
D06-NF-R1	19400	2
D06-NF-R1	19500	1
D06-NF-R1	19600	3
D06-NF-R1	19700	4
D06-NF-R1	19800	2
D06-NF-R1	19900	2
D06-NF-R1	20100	1
D06-NF-R1	20300	1
D06-NF-R1	20400	2
D06-NF-R1	20500	1
D06-NF-R1	20600	1
D06-NF-R1	21000	1
D06-NF-R1	21400	1
D06-NF-R1	21800	1
D06-NF-R1	22300	1
D06-NF-R1	22400	1
D06-NF-R1	23400	1
D06-NF-R1	23700	1
D06-NF-R1	24800	1
D07-NF-R1	1000	68337
D07-NF-R1	1100	75630
D07-NF-R1	1200	81172
D07-NF-R1	1300	85521
D07-NF-R1	1400	88233
D07-NF-R1	1500	87980
D07-NF-R1	1600	86553
D07-NF-R1	1700	84634
D07-NF-R1	1800	80504
D07-NF-R1	1900	76729
D07-NF-R1	2000	72315
D07-NF-R1	2100	67936
D07-NF-R1	2200	63312
D07-NF-R1	2300	59098
D07-NF-R1	2400	55200
D07-NF-R1	2500	51855
D07-NF-R1	2600	48236
D07-NF-R1	2700	45447
D07-NF-R1	2800	42751
D07-NF-R1	2900	40865
D07-NF-R1	3000	39400
D07-NF-R1	3100	38478
D07-NF-R1	3200	37564
D07-NF-R1	3300	37603
D07-NF-R1	3400	38631
D07-NF-R1	3500	39539
D07-NF-R1	3600	41413
D07-NF-R1	3700	43110
D07-NF-R1	3800	45319
D07-NF-R1	3900	46736
D07-NF-R1	4000	48787
D07-NF-R1	4100	50577
D07-NF-R1	4200	52783
D07-NF-R1	4300	55102
D07-NF-R1	4400	53619
D07-NF-R1	4500	54376
D07-NF-R1	4600	53779
D07-NF-R1	4700	54495
D07-NF-R1	4800	54100
D07-NF-R1	4900	54926
D07-NF-R1	5000	53081
D07-NF-R1	5100	53058
D07-NF-R1	5200	52505
D07-NF-R1	5300	54826
D07-NF-R1	5400	51382
D07-NF-R1	5500	48883
D07-NF-R1	5600	47920
D07-NF-R1	5700	49427
D07-NF-R1	5800	45516
D07-NF-R1	5900	44556
D07-NF-R1	6000	43781
D07-NF-R1	6100	40905
D07-NF-R1	6200	40246
D07-NF-R1	6300	38364
D07-NF-R1	6400	36809
D07-NF-R1	6500	35100
D07-NF-R1	6600	33981
D07-NF-R1	6700	32722
D07-NF-R1	6800	31390
D07-NF-R1	6900	30465
D07-NF-R1	7000	28753
D07-NF-R1	7100	29539
D07-NF-R1	7200	27281
D07-NF-R1	7300	25434
D07-NF-R1	7400	24970
D07-NF-R1	7500	23063
D07-NF-R1	7600	23017
D07-NF-R1	7700	21756
D07-NF-R1	7800	20352
D07-NF-R1	7900	20264
D07-NF-R1	8000	18437
D07-NF-R1	8100	17410
D07-NF-R1	8200	16612
D07-NF-R1	8300	15824
D07-NF-R1	8400	14920
D07-NF-R1	8500	14224
D07-NF-R1	8600	13502
D07-NF-R1	8700	12749
D07-NF-R1	8800	12253
D07-NF-R1	8900	12703
D07-NF-R1	9000	11171
D07-NF-R1	9100	10549
D07-NF-R1	9200	9757
D07-NF-R1	9300	9294
D07-NF-R1	9400	8598
D07-NF-R1	9500	8337
D07-NF-R1	9600	7832
D07-NF-R1	9700	7203
D07-NF-R1	9800	6711
D07-NF-R1	9900	6615
D07-NF-R1	10000	6062
D07-NF-R1	10100	5704
D07-NF-R1	10200	5345
D07-NF-R1	10300	5183
D07-NF-R1	10400	4735
D07-NF-R1	10500	4569
D07-NF-R1	10600	4209
D07-NF-R1	10700	3925
D07-NF-R1	10800	3682
D07-NF-R1	10900	3455
D07-NF-R1	11000	3154
D07-NF-R1	11100	3001
D07-NF-R1	11200	2820
D07-NF-R1	11300	2723
D07-NF-R1	11400	2434
D07-NF-R1	11500	2287
D07-NF-R1	11600	2105
D07-NF-R1	11700	1998
D07-NF-R1	11800	1869
D07-NF-R1	11900	1742
D07-NF-R1	12000	1536
D07-NF-R1	12100	1476
D07-NF-R1	12200	1403
D07-NF-R1	12300	1279
D07-NF-R1	12400	1159
D07-NF-R1	12500	1161
D07-NF-R1	12600	1002
D07-NF-R1	12700	969
D07-NF-R1	12800	856
D07-NF-R1	12900	800
D07-NF-R1	13000	732
D07-NF-R1	13100	742
D07-NF-R1	13200	618
D07-NF-R1	13300	629
D07-NF-R1	13400	545
D07-NF-R1	13500	472
D07-NF-R1	13600	475
D07-NF-R1	13700	403
D07-NF-R1	13800	372
D07-NF-R1	13900	356
D07-NF-R1	14000	332
D07-NF-R1	14100	301
D07-NF-R1	14200	290
D07-NF-R1	14300	261
D07-NF-R1	14400	238
D07-NF-R1	14500	211
D07-NF-R1	14600	184
D07-NF-R1	14700	162
D07-NF-R1	14800	152
D07-NF-R1	14900	143
D07-NF-R1	15000	135
D07-NF-R1	15100	140
D07-NF-R1	15200	120
D07-NF-R1	15300	93
D07-NF-R1	15400	86
D07-NF-R1	15500	91
D07-NF-R1	15600	90
D07-NF-R1	15700	81
D07-NF-R1	15800	64
D07-NF-R1	15900	72
D07-NF-R1	16000	48
D07-NF-R1	16100	47
D07-NF-R1	16200	38
D07-NF-R1	16300	37
D07-NF-R1	16400	37
D07-NF-R1	16500	40
D07-NF-R1	16600	32
D07-NF-R1	16700	29
D07-NF-R1	16800	20
D07-NF-R1	16900	25
D07-NF-R1	17000	19
D07-NF-R1	17100	20
D07-NF-R1	17200	12
D07-NF-R1	17300	24
D07-NF-R1	17400	11
D07-NF-R1	17500	9
D07-NF-R1	17600	15
D07-NF-R1	17700	14
D07-NF-R1	17800	9
D07-NF-R1	17900	10
D07-NF-R1	18000	10
D07-NF-R1	18100	7
D07-NF-R1	18200	4
D07-NF-R1	18300	2
D07-NF-R1	18400	6
D07-NF-R1	18500	4
D07-NF-R1	18600	1
D07-NF-R1	18700	7
D07-NF-R1	18800	2
D07-NF-R1	18900	4
D07-NF-R1	19000	6
D07-NF-R1	19100	3
D07-NF-R1	19200	2
D07-NF-R1	19300	6
D07-NF-R1	19400	4
D07-NF-R1	19500	1
D07-NF-R1	19600	3
D07-NF-R1	19700	2
D07-NF-R1	19800	2
D07-NF-R1	19900	3
D07-NF-R1	20200	3
D07-NF-R1	20300	4
D07-NF-R1	20400	3
D07-NF-R1	20500	1
D07-NF-R1	20600	3
D07-NF-R1	20700	1
D07-NF-R1	20800	1
D07-NF-R1	21100	1
D07-NF-R1	21200	1
D07-NF-R1	21900	2
D07-NF-R1	22000	1
D07-NF-R1	22400	1
D07-NF-R1	22700	2
D07-NF-R1	23100	1
D07-NF-R1	24100	1
D08-NF-R1	1000	77772
D08-NF-R1	1100	87087
D08-NF-R1	1200	95565
D08-NF-R1	1300	100743
D08-NF-R1	1400	104978
D08-NF-R1	1500	106440
D08-NF-R1	1600	105274
D08-NF-R1	1700	102592
D08-NF-R1	1800	98970
D08-NF-R1	1900	93698
D08-NF-R1	2000	88616
D08-NF-R1	2100	82899
D08-NF-R1	2200	77728
D08-NF-R1	2300	72364
D08-NF-R1	2400	67130
D08-NF-R1	2500	63021
D08-NF-R1	2600	59101
D08-NF-R1	2700	55127
D08-NF-R1	2800	52489
D08-NF-R1	2900	49309
D08-NF-R1	3000	46646
D08-NF-R1	3100	44819
D08-NF-R1	3200	44230
D08-NF-R1	3300	43730
D08-NF-R1	3400	43119
D08-NF-R1	3500	44174
D08-NF-R1	3600	45395
D08-NF-R1	3700	46734
D08-NF-R1	3800	48655
D08-NF-R1	3900	50617
D08-NF-R1	4000	52366
D08-NF-R1	4100	53895
D08-NF-R1	4200	56498
D08-NF-R1	4300	61095
D08-NF-R1	4400	58427
D08-NF-R1	4500	59789
D08-NF-R1	4600	58922
D08-NF-R1	4700	59703
D08-NF-R1	4800	59261
D08-NF-R1	4900	59256
D08-NF-R1	5000	58872
D08-NF-R1	5100	59192
D08-NF-R1	5200	58141
D08-NF-R1	5300	57177
D08-NF-R1	5400	56512
D08-NF-R1	5500	55730
D08-NF-R1	5600	54391
D08-NF-R1	5700	52805
D08-NF-R1	5800	51526
D08-NF-R1	5900	50883
D08-NF-R1	6000	50225
D08-NF-R1	6100	47953
D08-NF-R1	6200	48518
D08-NF-R1	6300	47324
D08-NF-R1	6400	43587
D08-NF-R1	6500	41822
D08-NF-R1	6600	40394
D08-NF-R1	6700	39112
D08-NF-R1	6800	37648
D08-NF-R1	6900	36103
D08-NF-R1	7000	34965
D08-NF-R1	7100	33415
D08-NF-R1	7200	32140
D08-NF-R1	7300	30797
D08-NF-R1	7400	29523
D08-NF-R1	7500	29302
D08-NF-R1	7600	27392
D08-NF-R1	7700	25875
D08-NF-R1	7800	24559
D08-NF-R1	7900	24087
D08-NF-R1	8000	22402
D08-NF-R1	8100	21544
D08-NF-R1	8200	20762
D08-NF-R1	8300	19361
D08-NF-R1	8400	18860
D08-NF-R1	8500	17678
D08-NF-R1	8600	17960
D08-NF-R1	8700	16344
D08-NF-R1	8800	15169
D08-NF-R1	8900	14466
D08-NF-R1	9000	13631
D08-NF-R1	9100	12933
D08-NF-R1	9200	12435
D08-NF-R1	9300	11587
D08-NF-R1	9400	10836
D08-NF-R1	9500	10407
D08-NF-R1	9600	9887
D08-NF-R1	9700	9488
D08-NF-R1	9800	8727
D08-NF-R1	9900	8194
D08-NF-R1	10000	7867
D08-NF-R1	10100	7374
D08-NF-R1	10200	7040
D08-NF-R1	10300	6587
D08-NF-R1	10400	6005
D08-NF-R1	10500	5774
D08-NF-R1	10600	5357
D08-NF-R1	10700	4945
D08-NF-R1	10800	4681
D08-NF-R1	10900	4336
D08-NF-R1	11000	4204
D08-NF-R1	11100	3861
D08-NF-R1	11200	3656
D08-NF-R1	11300	3288
D08-NF-R1	11400	3105
D08-NF-R1	11500	2899
D08-NF-R1	11600	2725
D08-NF-R1	11700	2565
D08-NF-R1	11800	2313
D08-NF-R1	11900	2226
D08-NF-R1	12000	2063
D08-NF-R1	12100	1926
D08-NF-R1	12200	1715
D08-NF-R1	12300	1674
D08-NF-R1	12400	1551
D08-NF-R1	12500	1438
D08-NF-R1	12600	1339
D08-NF-R1	12700	1249
D08-NF-R1	12800	1091
D08-NF-R1	12900	1006
D08-NF-R1	13000	974
D08-NF-R1	13100	836
D08-NF-R1	13200	834
D08-NF-R1	13300	743
D08-NF-R1	13400	630
D08-NF-R1	13500	599
D08-NF-R1	13600	555
D08-NF-R1	13700	503
D08-NF-R1	13800	484
D08-NF-R1	13900	467
D08-NF-R1	14000	364
D08-NF-R1	14100	386
D08-NF-R1	14200	325
D08-NF-R1	14300	348
D08-NF-R1	14400	288
D08-NF-R1	14500	276
D08-NF-R1	14600	236
D08-NF-R1	14700	202
D08-NF-R1	14800	192
D08-NF-R1	14900	203
D08-NF-R1	15000	154
D08-NF-R1	15100	145
D08-NF-R1	15200	137
D08-NF-R1	15300	130
D08-NF-R1	15400	119
D08-NF-R1	15500	116
D08-NF-R1	15600	94
D08-NF-R1	15700	93
D08-NF-R1	15800	71
D08-NF-R1	15900	75
D08-NF-R1	16000	61
D08-NF-R1	16100	86
D08-NF-R1	16200	56
D08-NF-R1	16300	54
D08-NF-R1	16400	32
D08-NF-R1	16500	32
D08-NF-R1	16600	30
D08-NF-R1	16700	30
D08-NF-R1	16800	37
D08-NF-R1	16900	33
D08-NF-R1	17000	30
D08-NF-R1	17100	21
D08-NF-R1	17200	23
D08-NF-R1	17300	21
D08-NF-R1	17400	17
D08-NF-R1	17500	22
D08-NF-R1	17600	12
D08-NF-R1	17700	25
D08-NF-R1	17800	14
D08-NF-R1	17900	14
D08-NF-R1	18000	17
D08-NF-R1	18100	11
D08-NF-R1	18200	13
D08-NF-R1	18300	7
D08-NF-R1	18400	8
D08-NF-R1	18500	7
D08-NF-R1	18600	5
D08-NF-R1	18700	9
D08-NF-R1	18800	8
D08-NF-R1	18900	1
D08-NF-R1	19000	4
D08-NF-R1	19100	4
D08-NF-R1	19200	7
D08-NF-R1	19300	3
D08-NF-R1	19400	2
D08-NF-R1	19500	3
D08-NF-R1	19600	2
D08-NF-R1	19700	3
D08-NF-R1	19800	2
D08-NF-R1	19900	1
D08-NF-R1	20000	1
D08-NF-R1	20200	3
D08-NF-R1	20300	1
D08-NF-R1	20400	1
D08-NF-R1	20500	2
D08-NF-R1	20600	1
D08-NF-R1	20700	1
D08-NF-R1	20800	1
D08-NF-R1	21000	4
D08-NF-R1	21100	2
D08-NF-R1	21200	1
D08-NF-R1	21400	1
D08-NF-R1	21600	1
D08-NF-R1	21900	1
D08-NF-R1	22000	1
D08-NF-R1	22100	1
D08-NF-R1	22200	1
D08-NF-R1	22800	1
D08-NF-R1	22900	1
D08-NF-R1	24100	1
D08-NF-R1	24800	1
D08-NF-R1	25300	1
D08-NF-R1	25700	1
D09-NF-R1	1000	115282
D09-NF-R1	1100	122328
D09-NF-R1	1200	125546
D09-NF-R1	1300	127754
D09-NF-R1	1400	126726
D09-NF-R1	1500	123305
D09-NF-R1	1600	118915
D09-NF-R1	1700	113148
D09-NF-R1	1800	106280
D09-NF-R1	1900	100167
D09-NF-R1	2000	93486
D09-NF-R1	2100	86837
D09-NF-R1	2200	81234
D09-NF-R1	2300	75089
D09-NF-R1	2400	70020
D09-NF-R1	2500	65503
D09-NF-R1	2600	61223
D09-NF-R1	2700	57430
D09-NF-R1	2800	54276
D09-NF-R1	2900	50805
D09-NF-R1	3000	48419
D09-NF-R1	3100	46682
D09-NF-R1	3200	45484
D09-NF-R1	3300	44523
D09-NF-R1	3400	43895
D09-NF-R1	3500	44408
D09-NF-R1	3600	45258
D09-NF-R1	3700	46575
D09-NF-R1	3800	48204
D09-NF-R1	3900	49994
D09-NF-R1	4000	51324
D09-NF-R1	4100	54221
D09-NF-R1	4200	56445
D09-NF-R1	4300	61399
D09-NF-R1	4400	57093
D09-NF-R1	4500	61063
D09-NF-R1	4600	58875
D09-NF-R1	4700	59937
D09-NF-R1	4800	61629
D09-NF-R1	4900	63532
D09-NF-R1	5000	65004
D09-NF-R1	5100	58357
D09-NF-R1	5200	59411
D09-NF-R1	5300	57296
D09-NF-R1	5400	58795
D09-NF-R1	5500	56107
D09-NF-R1	5600	57719
D09-NF-R1	5700	53640
D09-NF-R1	5800	53034
D09-NF-R1	5900	56834
D09-NF-R1	6000	52247
D09-NF-R1	6100	50188
D09-NF-R1	6200	47695
D09-NF-R1	6300	49091
D09-NF-R1	6400	47656
D09-NF-R1	6500	44694
D09-NF-R1	6600	45336
D09-NF-R1	6700	41264
D09-NF-R1	6800	39760
D09-NF-R1	6900	39747
D09-NF-R1	7000	37229
D09-NF-R1	7100	35799
D09-NF-R1	7200	34807
D09-NF-R1	7300	33253
D09-NF-R1	7400	34592
D09-NF-R1	7500	30621
D09-NF-R1	7600	29600
D09-NF-R1	7700	28264
D09-NF-R1	7800	27400
D09-NF-R1	7900	26335
D09-NF-R1	8000	24979
D09-NF-R1	8100	24029
D09-NF-R1	8200	23014
D09-NF-R1	8300	21835
D09-NF-R1	8400	21189
D09-NF-R1	8500	20303
D09-NF-R1	8600	19142
D09-NF-R1	8700	18217
D09-NF-R1	8800	17876
D09-NF-R1	8900	16379
D09-NF-R1	9000	16056
D09-NF-R1	9100	15326
D09-NF-R1	9200	14598
D09-NF-R1	9300	13677
D09-NF-R1	9400	13035
D09-NF-R1	9500	12498
D09-NF-R1	9600	11522
D09-NF-R1	9700	10978
D09-NF-R1	9800	10204
D09-NF-R1	9900	9854
D09-NF-R1	10000	9437
D09-NF-R1	10100	8840
D09-NF-R1	10200	8416
D09-NF-R1	10300	7881
D09-NF-R1	10400	7602
D09-NF-R1	10500	6984
D09-NF-R1	10600	6547
D09-NF-R1	10700	6177
D09-NF-R1	10800	5816
D09-NF-R1	10900	5684
D09-NF-R1	11000	5172
D09-NF-R1	11100	4926
D09-NF-R1	11200	4627
D09-NF-R1	11300	4315
D09-NF-R1	11400	4114
D09-NF-R1	11500	3750
D09-NF-R1	11600	3539
D09-NF-R1	11700	3354
D09-NF-R1	11800	3176
D09-NF-R1	11900	2926
D09-NF-R1	12000	2748
D09-NF-R1	12100	2536
D09-NF-R1	12200	2415
D09-NF-R1	12300	2108
D09-NF-R1	12400	2044
D09-NF-R1	12500	1879
D09-NF-R1	12600	1750
D09-NF-R1	12700	1641
D09-NF-R1	12800	1505
D09-NF-R1	12900	1382
D09-NF-R1	13000	1259
D09-NF-R1	13100	1219
D09-NF-R1	13200	1122
D09-NF-R1	13300	1040
D09-NF-R1	13400	904
D09-NF-R1	13500	930
D09-NF-R1	13600	840
D09-NF-R1	13700	777
D09-NF-R1	13800	709
D09-NF-R1	13900	605
D09-NF-R1	14000	605
D09-NF-R1	14100	548
D09-NF-R1	14200	534
D09-NF-R1	14300	448
D09-NF-R1	14400	396
D09-NF-R1	14500	378
D09-NF-R1	14600	312
D09-NF-R1	14700	345
D09-NF-R1	14800	278
D09-NF-R1	14900	269
D09-NF-R1	15000	220
D09-NF-R1	15100	227
D09-NF-R1	15200	213
D09-NF-R1	15300	218
D09-NF-R1	15400	171
D09-NF-R1	15500	147
D09-NF-R1	15600	166
D09-NF-R1	15700	119
D09-NF-R1	15800	109
D09-NF-R1	15900	132
D09-NF-R1	16000	95
D09-NF-R1	16100	96
D09-NF-R1	16200	81
D09-NF-R1	16300	68
D09-NF-R1	16400	64
D09-NF-R1	16500	62
D09-NF-R1	16600	56
D09-NF-R1	16700	53
D09-NF-R1	16800	40
D09-NF-R1	16900	36
D09-NF-R1	17000	33
D09-NF-R1	17100	25
D09-NF-R1	17200	34
D09-NF-R1	17300	26
D09-NF-R1	17400	30
D09-NF-R1	17500	18
D09-NF-R1	17600	31
D09-NF-R1	17700	19
D09-NF-R1	17800	9
D09-NF-R1	17900	19
D09-NF-R1	18000	16
D09-NF-R1	18100	19
D09-NF-R1	18200	17
D09-NF-R1	18300	13
D09-NF-R1	18400	19
D09-NF-R1	18500	9
D09-NF-R1	18600	8
D09-NF-R1	18700	6
D09-NF-R1	18800	12
D09-NF-R1	18900	4
D09-NF-R1	19000	6
D09-NF-R1	19100	8
D09-NF-R1	19200	2
D09-NF-R1	19300	6
D09-NF-R1	19400	6
D09-NF-R1	19500	4
D09-NF-R1	19600	4
D09-NF-R1	19700	5
D09-NF-R1	19800	3
D09-NF-R1	19900	2
D09-NF-R1	20000	4
D09-NF-R1	20100	5
D09-NF-R1	20200	4
D09-NF-R1	20300	1
D09-NF-R1	20400	2
D09-NF-R1	20500	1
D09-NF-R1	20700	1
D09-NF-R1	20800	1
D09-NF-R1	20900	3
D09-NF-R1	21000	6
D09-NF-R1	21100	2
D09-NF-R1	21200	1
D09-NF-R1	21300	1
D09-NF-R1	21400	2
D09-NF-R1	21500	2
D09-NF-R1	21700	1
D09-NF-R1	21800	4
D09-NF-R1	22000	1
D09-NF-R1	22100	1
D09-NF-R1	22200	1
D09-NF-R1	22600	1
D09-NF-R1	22900	1
D09-NF-R1	23100	1
D09-NF-R1	23300	1
D09-NF-R1	23500	1
D10-NF-R1	1000	75649
D10-NF-R1	1100	84634
D10-NF-R1	1200	90353
D10-NF-R1	1300	95593
D10-NF-R1	1400	97048
D10-NF-R1	1500	96844
D10-NF-R1	1600	95433
D10-NF-R1	1700	91619
D10-NF-R1	1800	87872
D10-NF-R1	1900	82772
D10-NF-R1	2000	77457
D10-NF-R1	2100	72388
D10-NF-R1	2200	67615
D10-NF-R1	2300	63254
D10-NF-R1	2400	58962
D10-NF-R1	2500	54755
D10-NF-R1	2600	51302
D10-NF-R1	2700	48562
D10-NF-R1	2800	46250
D10-NF-R1	2900	44039
D10-NF-R1	3000	42287
D10-NF-R1	3100	41520
D10-NF-R1	3200	41028
D10-NF-R1	3300	40912
D10-NF-R1	3400	42027
D10-NF-R1	3500	43426
D10-NF-R1	3600	45224
D10-NF-R1	3700	46943
D10-NF-R1	3800	49300
D10-NF-R1	3900	51542
D10-NF-R1	4000	54435
D10-NF-R1	4100	59598
D10-NF-R1	4200	56503
D10-NF-R1	4300	56400
D10-NF-R1	4400	56863
D10-NF-R1	4500	58132
D10-NF-R1	4600	58789
D10-NF-R1	4700	58916
D10-NF-R1	4800	59177
D10-NF-R1	4900	64358
D10-NF-R1	5000	57640
D10-NF-R1	5100	58276
D10-NF-R1	5200	54821
D10-NF-R1	5300	53155
D10-NF-R1	5400	52066
D10-NF-R1	5500	51226
D10-NF-R1	5600	49356
D10-NF-R1	5700	48117
D10-NF-R1	5800	47496
D10-NF-R1	5900	47118
D10-NF-R1	6000	49964
D10-NF-R1	6100	42609
D10-NF-R1	6200	41149
D10-NF-R1	6300	41281
D10-NF-R1	6400	38838
D10-NF-R1	6500	36785
D10-NF-R1	6600	35199
D10-NF-R1	6700	33663
D10-NF-R1	6800	32269
D10-NF-R1	6900	31405
D10-NF-R1	7000	29704
D10-NF-R1	7100	28834
D10-NF-R1	7200	27529
D10-NF-R1	7300	26471
D10-NF-R1	7400	24837
D10-NF-R1	7500	23804
D10-NF-R1	7600	22591
D10-NF-R1	7700	21857
D10-NF-R1	7800	20558
D10-NF-R1	7900	19507
D10-NF-R1	8000	18841
D10-NF-R1	8100	17744
D10-NF-R1	8200	16810
D10-NF-R1	8300	16013
D10-NF-R1	8400	15091
D10-NF-R1	8500	14328
D10-NF-R1	8600	13546
D10-NF-R1	8700	12586
D10-NF-R1	8800	11949
D10-NF-R1	8900	11386
D10-NF-R1	9000	10801
D10-NF-R1	9100	10423
D10-NF-R1	9200	9561
D10-NF-R1	9300	9180
D10-NF-R1	9400	8421
D10-NF-R1	9500	8170
D10-NF-R1	9600	7574
D10-NF-R1	9700	7032
D10-NF-R1	9800	6616
D10-NF-R1	9900	6454
D10-NF-R1	10000	5795
D10-NF-R1	10100	5600
D10-NF-R1	10200	5110
D10-NF-R1	10300	4893
D10-NF-R1	10400	4639
D10-NF-R1	10500	4148
D10-NF-R1	10600	3839
D10-NF-R1	10700	3692
D10-NF-R1	10800	3451
D10-NF-R1	10900	3226
D10-NF-R1	11000	2915
D10-NF-R1	11100	2647
D10-NF-R1	11200	2580
D10-NF-R1	11300	2499
D10-NF-R1	11400	2212
D10-NF-R1	11500	2096
D10-NF-R1	11600	1885
D10-NF-R1	11700	1810
D10-NF-R1	11800	1636
D10-NF-R1	11900	1495
D10-NF-R1	12000	1388
D10-NF-R1	12100	1307
D10-NF-R1	12200	1186
D10-NF-R1	12300	1116
D10-NF-R1	12400	1035
D10-NF-R1	12500	906
D10-NF-R1	12600	859
D10-NF-R1	12700	787
D10-NF-R1	12800	690
D10-NF-R1	12900	687
D10-NF-R1	13000	602
D10-NF-R1	13100	576
D10-NF-R1	13200	548
D10-NF-R1	13300	479
D10-NF-R1	13400	414
D10-NF-R1	13500	386
D10-NF-R1	13600	389
D10-NF-R1	13700	302
D10-NF-R1	13800	326
D10-NF-R1	13900	278
D10-NF-R1	14000	265
D10-NF-R1	14100	227
D10-NF-R1	14200	234
D10-NF-R1	14300	210
D10-NF-R1	14400	173
D10-NF-R1	14500	165
D10-NF-R1	14600	151
D10-NF-R1	14700	150
D10-NF-R1	14800	90
D10-NF-R1	14900	98
D10-NF-R1	15000	108
D10-NF-R1	15100	126
D10-NF-R1	15200	79
D10-NF-R1	15300	76
D10-NF-R1	15400	51
D10-NF-R1	15500	66
D10-NF-R1	15600	49
D10-NF-R1	15700	51
D10-NF-R1	15800	57
D10-NF-R1	15900	39
D10-NF-R1	16000	33
D10-NF-R1	16100	29
D10-NF-R1	16200	36
D10-NF-R1	16300	29
D10-NF-R1	16400	33
D10-NF-R1	16500	20
D10-NF-R1	16600	22
D10-NF-R1	16700	20
D10-NF-R1	16800	22
D10-NF-R1	16900	18
D10-NF-R1	17000	7
D10-NF-R1	17100	7
D10-NF-R1	17200	17
D10-NF-R1	17300	9
D10-NF-R1	17400	17
D10-NF-R1	17500	12
D10-NF-R1	17600	9
D10-NF-R1	17700	7
D10-NF-R1	17800	7
D10-NF-R1	17900	6
D10-NF-R1	18000	2
D10-NF-R1	18100	4
D10-NF-R1	18200	5
D10-NF-R1	18300	9
D10-NF-R1	18400	6
D10-NF-R1	18500	3
D10-NF-R1	18600	4
D10-NF-R1	18700	6
D10-NF-R1	18800	4
D10-NF-R1	18900	3
D10-NF-R1	19000	2
D10-NF-R1	19100	2
D10-NF-R1	19200	2
D10-NF-R1	19300	3
D10-NF-R1	19400	2
D10-NF-R1	19500	1
D10-NF-R1	20400	1
D10-NF-R1	20600	1
D10-NF-R1	20700	2
D10-NF-R1	21300	1
D10-NF-R1	21900	1
D10-NF-R1	22300	1
D10-NF-R1	22500	1
D10-NF-R1	23000	1
D10-NF-R1	23300	1
D10-NF-R1	24200	1
